path	size_bytes	md5
README.md	2955	e11fa80b2a38abd84cafbcf5712432ca
TFs/tf_annotations.tsv.gz	33189536	672389cd4a2f56f42cfcf08de09745eb
TFs/tf_proteins.faa.gz	77263842	4c5f8c1ba3732c4e6f925a54395f3646
ssn/AraC_XylS_ssn_package.tar.gz	20663434	02246b24435b087921b46d525634b1f7
ssn/ArsR_ssn_package.tar.gz	5122338	96a069b9bf6de1c28731faf6a42b4ed4
ssn/AsnC_ssn_package.tar.gz	3356603	dbd5cedefb5a2eae00674b1bc09f7b94
ssn/Crp_ssn_package.tar.gz	4094875	2e3a432b14a9039f18375023def56a0f
ssn/DeoR_ssn_package.tar.gz	1696876	8150c86c6e25789f49c4eb3185995643
ssn/Fis_ssn_package.tar.gz	9816940	da972049cf8edab63771d449c592f8f3
ssn/GalR_LacI_ssn_package.tar.gz	6462633	76caee18b550dcf78df27ed853cce069
ssn/GerE_ssn_package.tar.gz	26216797	1fbf7769fb884a257c769d03e936b845
ssn/GntR_ssn_package.tar.gz	4197931	bcf8a83c457f49bd0d514136c0d6c65c
ssn/Histone-like_DNA-bd_ssn_package.tar.gz	1679892	d7e85f5ca40dea12c8adcfe8f8c89ee0
ssn/HxlR_ssn_package.tar.gz	8455533	bedb5aaed8331e6b592120230b6d1c7a
ssn/LysR_ssn_package.tar.gz	25774629	c61cce0770c26fafa454453e686eaa04
ssn/LytTR_ssn_package.tar.gz	3296970	5fede1f5c11fd8a04bec8ad049007a16
ssn/MarR_ssn_package.tar.gz	11031788	0c4490d5af71e91556846007ddf1f7b6
ssn/MerR_ssn_package.tar.gz	4606353	d37a2592ca1193e6eaf5d56290f3415f
ssn/PadR_ssn_package.tar.gz	2538120	7e2dfbbbfa11e70a4c48cb54d3a228f7
ssn/ROK_ssn_package.tar.gz	3587932	85a5d16cee37d5ab67caa6cd068ed1fb
ssn/SinR_ssn_package.tar.gz	1438579	06d5777061ebb979ba06e4160da29435
ssn/TetR_AcrR_ssn_package.tar.gz	28328315	69130445136274f27632dbc4d8ff4a0b
ssn/Trans_reg_C_ssn_package.tar.gz	5830885	ed9bb9947cf0ef3f10b6cbc617e58b60
ssn/prodoric_matrices.tsv	53992	cd9bb0370812d3d362168e796947e25b
ssn/prodoric_pwms.meme	231645	378c874e5a3069941924218ed28393c4
ssn/prodoric_sequences.fasta	63429	880931329b257af465c2aee7c1d2afa8
ssn/prodoric_sequences.tsv	62203	54f46ef87c6c03102a464ca855553c79
ssn/prodoric_tf_classification.tsv	40496	8281e954fdc22ef3893c5aa9a91d7169
global/all_genes.tsv.gz	4292934782	4bdd5817154cb49065171154d3784c19
global/all_motifs.tsv.gz	15336706	ac6d00a67657451858a8d64c7d06d31e
global/all_showcase_motifs.meme	12449142	cabd3317f1f8d89296bd35131cc74465
global/bgc_metadata.tsv.gz	23701592	1c402998df37015c07c7a3ca1e52e1ec
global/binding_sites_anr_maxw10.tsv.gz	12540974	ae7f99079431b6e97dfca90139b62fee
global/binding_sites_anr_maxw20.tsv.gz	11844723	533698a45ada9f9d6bb771d16c16297a
global/binding_sites_anr_maxw30.tsv.gz	10587794	65bda4f58cee989488dbb543f90ff9db
global/binding_sites_zoops_maxw10.tsv.gz	10761977	be502b417b8c671a65cfdf983fe978e8
global/binding_sites_zoops_maxw20.tsv.gz	10261496	aef5d9edac0579a281fbaa936de2342a
global/binding_sites_zoops_maxw30.tsv.gz	9591802	3c1465ed1c79dd7abd2cef7795805e3f
global/motifs_anr_maxw10.meme	50677053	fc0de28321a56da6abac336ea83e6c7a
global/motifs_anr_maxw20.meme	74970669	12a6924175d6ba4841bd650270714ad4
global/motifs_anr_maxw30.meme	90515232	00a9cdc616bedf8e74e2bf3d87551c79
global/motifs_zoops_maxw10.meme	51528352	fa42f9522be9252904a1fca17b06b2c0
global/motifs_zoops_maxw20.meme	83112832	329a389f3bfefbc46bd2ac6743c0dccc
global/motifs_zoops_maxw30.meme	107096844	2ceefafdce03125319af3efae7c0cf6a
global/tf_motif_pairings_anr_maxw20.tsv.gz	975755823	058ebeae535ce98ec1605afe4b8495a1
global/tf_motif_pairings_anr_maxw30.tsv.gz	795578439	9aa1494fd375a1f13c21425df63b4a68
global/tf_motif_pairings_zoops_maxw20.tsv.gz	736039419	af86ce2bf254b70a8cc9c66ca4404dec
global/tf_motif_pairings_zoops_maxw30.tsv.gz	734503348	ed5498dacc7cceccd8be5e3ad71a8fa6
